Year,Area,Country area,Forest land,Land area,Naturally regenerating forest,Planted Forest,Share of forests in Land area,Share of naturally regenerating forest,Share of planted forests,Carbon stock in Living Biomass,C02 removal from forest land,Net Forest conversion,Tree covered areas MODIS
2000,Argentina,278040.0,33378.0,273669.0,32302.0,1076.0,12.2,96.78,3.22,3551.4192,-40102.7293,81523.288,
2000,Bolivia,109858.0,55101.39,108330.0,55066.33,35.06,50.86,99.94,0.06,4242.256,-425.1388,76739.2436,
2000,Brazil,851577.0,551088.6,835814.0,547436.4,3652.2,65.93,99.34,0.66,55863.8514,-346950.8412,1385208.6765,
2000,Chile,75609.6,15817.06,74353.2,13538.92,2278.14,21.27,85.6,14.4,2105.567,-20763.102,3010.0184,
2000,Colombia,114175.0,62735.5,110950.0,62569.8,165.7,56.54,99.74,0.26,7080.9559,-2843.1953,94828.6335,
2000,Ecuador,25637.0,13730.5,24836.0,13660.35,70.15,55.28,99.49,0.51,1517.3576,-1042.183,37579.7727,
2000,French Guiana,8350.0,8079.44,8271.0,8078.74,0.7,97.68,99.99,0.01,1718.9009,0.0,3554.0597,
2000,Guyana,21497.0,18564.22,19685.0,18564.22,0.0,94.31,100.0,0.0,5360.2329,0.0,4015.6997,
2000,Paraguay,40675.0,22991.65,39730.0,22961.13,30.52,57.87,99.87,0.13,1031.8653,-333.7277,42365.8074,
2000,Peru,128522.0,75297.83,128000.0,74582.74,715.09,58.83,99.05,0.95,10651.631,-23449.3055,83135.0989,
2000,South America,1780366.6,922645.06,1746162.2,913238.79,9406.27,52.84,98.98,1.02,102379.7812,-448224.4556,1957155.7589,
2000,Suriname,16382.0,15340.87,15600.0,15326.72,14.15,98.34,99.91,0.09,3238.3042,-89.0096,2934.2214,
2000,Uruguay,17622.0,1369.0,17502.0,740.0,629.0,7.82,54.05,45.95,78.033,-13373.492,0.0,
2000,Venezuela,91205.0,49151.0,88205.0,48411.44,739.56,55.72,98.5,1.5,5939.4068,1148.2689,142261.2391,
2001,Argentina,278040.0,33061.6,273669.0,31974.5,1087.1,12.08,96.71,3.29,3526.3652,-35904.11,127768.6667,67523.1
2001,Bolivia,109858.0,54899.852,108330.0,54863.285,36.567,50.68,99.93,0.07,4226.7396,-425.4211,57318.9267,73651.1
2001,Brazil,851577.0,547137.81,835814.0,543118.0,4019.81,65.46,99.27,0.73,55563.6296,-504292.9573,1605106.096,622461.74
2001,Chile,75609.6,15907.88,74353.2,13574.515,2333.365,21.4,85.33,14.67,2115.5162,-36480.1254,0.0,26827.97
2001,Colombia,114175.0,62542.729,110950.0,62355.469,187.26,56.37,99.7,0.3,7059.1978,-8922.7497,88702.3132,100026.83
2001,Ecuador,25637.0,13660.269,24836.0,13588.652,71.617,55.0,99.48,0.52,1509.5963,-594.4333,29052.2686,21037.99
2001,French Guiana,8350.0,8075.146,8271.0,8074.446,0.7,97.63,99.99,0.01,1717.9873,0.0,3349.6778,8109.28
2001,Guyana,21497.0,18559.779,19685.0,18559.779,0.0,94.28,100.0,0.0,5358.9506,0.0,4701.7459,19387.37
2001,Paraguay,40675.0,22649.506,39730.0,22616.958,32.548,57.01,99.86,0.14,1016.5098,-333.7277,56636.9443,35028.68
2001,Peru,128522.0,75173.027,128000.0,74432.454,740.573,58.73,99.01,0.99,10633.9764,-13217.6923,77951.3444,79064.54
2001,South America,1780366.6,917395.997,1746162.2,907443.771,9952.226,52.54,98.92,1.08,101962.7943,-608803.1421,2137755.0472,1142387.5
2001,Suriname,16382.0,15336.769,15600.0,15322.619,14.15,98.31,99.91,0.09,3237.4386,0.0,3174.1603,13937.25
2001,Uruguay,17622.0,1405.23,17502.0,741.22,664.01,8.03,52.75,47.25,80.7906,-10111.31,0.0,7240.8
2001,Venezuela,91205.0,48986.4,88205.0,48221.874,764.526,55.54,98.44,1.56,5916.0962,1479.3847,83992.9033,67548.5
2002,Argentina,278040.0,32745.2,273669.0,31647.0,1098.2,11.97,96.65,3.35,3501.3113,-35904.11,127768.6667,66637.82
2002,Bolivia,109858.0,54698.314,108330.0,54660.24,38.074,50.49,99.93,0.07,4211.2232,-425.4211,57318.9267,73841.33
2002,Brazil,851577.0,543187.02,835814.0,538799.6,4387.42,64.99,99.19,0.81,55263.4079,-504292.9573,1605106.096,624936.54
2002,Chile,75609.6,15998.7,74353.2,13610.11,2388.59,21.52,85.07,14.93,2125.4653,-36480.1254,0.0,27286.48
2002,Colombia,114175.0,62349.958,110950.0,62141.138,208.82,56.2,99.67,0.33,7037.4398,-8922.7497,88702.3132,100666.58
2002,Ecuador,25637.0,13590.038,24836.0,13516.954,73.084,54.72,99.46,0.54,1501.8351,-594.4333,29052.2686,21477.47
2002,French Guiana,8351.0,8070.852,8272.0,8070.152,0.7,97.57,99.99,0.01,1717.0738,0.0,3349.6778,8155.83
2002,Guyana,21497.0,18555.338,19685.0,18555.338,0.0,94.26,100.0,0.0,5357.6683,0.0,4701.7459,19480.05
2002,Paraguay,40675.0,22307.362,39730.0,22272.786,34.576,56.15,99.85,0.15,1001.1544,-333.7277,56636.9443,35559.31
2002,Peru,128522.0,75048.224,128000.0,74282.168,766.056,58.63,98.98,1.02,10616.3218,-13217.6923,77951.3444,79213.24
2002,South America,1780367.6,912146.934,1746163.2,901648.752,10498.182,52.24,98.85,1.15,101545.8074,-608803.1421,2137755.0472,1146543.8
2002,Suriname,16382.0,15332.668,15600.0,15318.518,14.15,98.29,99.91,0.09,3236.5729,0.0,3174.1603,14018.76
2002,Uruguay,17622.0,1441.46,17502.0,742.44,699.02,8.24,51.51,48.49,83.5483,-10111.31,0.0,6738.12
2002,Venezuela,91205.0,48821.8,88205.0,48032.308,789.492,55.35,98.38,1.62,5892.7856,1479.3847,83992.9033,67975.67
2003,Argentina,278040.0,32428.8,273669.0,31319.5,1109.3,11.85,96.58,3.42,3476.2573,-35904.11,127768.6667,63867.47
2003,Bolivia,109858.0,54496.776,108330.0,54457.195,39.581,50.31,99.93,0.07,4195.7068,-425.4211,57318.9267,73426.05
2003,Brazil,851577.0,539236.23,835814.0,534481.2,4755.03,64.52,99.12,0.88,54963.1861,-504292.9573,1605106.096,619375.02
2003,Chile,75609.6,16089.52,74353.2,13645.705,2443.815,21.64,84.81,15.19,2135.4144,-36480.1254,0.0,27333.92
2003,Colombia,114175.0,62157.187,110950.0,61926.807,230.38,56.02,99.63,0.37,7015.6817,-8922.7497,88702.3132,100972.0
2003,Ecuador,25637.0,13519.807,24836.0,13445.256,74.551,54.44,99.45,0.55,1494.0739,-594.4333,29052.2686,21544.32
2003,French Guiana,8352.0,8066.558,8273.0,8065.858,0.7,97.5,99.99,0.01,1716.1602,0.0,3349.6778,8165.83
2003,Guyana,21497.0,18550.897,19685.0,18550.897,0.0,94.24,100.0,0.0,5356.386,0.0,4701.7459,19463.9
2003,Paraguay,40675.0,21965.218,39730.0,21928.614,36.604,55.29,99.83,0.17,985.799,-333.7277,56636.9443,35120.25
2003,Peru,128522.0,74923.421,128000.0,74131.882,791.539,58.53,98.94,1.06,10598.6671,-13217.6923,77951.3444,78908.81
2003,South America,1780368.6,906897.871,1746164.2,895853.733,11044.138,51.94,98.78,1.22,101128.8205,-608803.1421,2137755.0472,1137097.76
2003,Suriname,16382.0,15328.567,15600.0,15314.417,14.15,98.26,99.91,0.09,3235.7072,0.0,3174.1603,13998.61
2003,Uruguay,17622.0,1477.69,17502.0,743.66,734.03,8.44,50.33,49.67,86.3059,-10111.31,0.0,6480.58
2003,Venezuela,91205.0,48657.2,88205.0,47842.742,814.458,55.16,98.33,1.67,5869.475,1479.3847,83992.9033,67801.45
2004,Argentina,278040.0,32112.4,273669.0,30992.0,1120.4,11.73,96.51,3.49,3451.2033,-35904.11,127768.6667,61318.54
2004,Bolivia,109858.0,54295.238,108330.0,54254.15,41.088,50.12,99.92,0.08,4180.1904,-425.4211,57318.9267,73026.1
2004,Brazil,851577.0,535285.44,835814.0,530162.8,5122.64,64.04,99.04,0.96,54662.9643,-504292.9573,1605106.096,619658.9
2004,Chile,75609.6,16180.34,74353.2,13681.3,2499.04,21.76,84.56,15.44,2145.3635,-36480.1254,0.0,27376.77
2004,Colombia,114175.0,61964.416,110950.0,61712.476,251.94,55.85,99.59,0.41,6993.9236,-8922.7497,88702.3132,101241.15
2004,Ecuador,25637.0,13449.576,24836.0,13373.558,76.018,54.15,99.43,0.57,1486.3126,-594.4333,29052.2686,21501.44
2004,French Guiana,8353.0,8062.264,8274.0,8061.564,0.7,97.44,99.99,0.01,1715.2467,0.0,3349.6778,8171.09
2004,Guyana,21497.0,18546.456,19685.0,18546.456,0.0,94.22,100.0,0.0,5355.1037,0.0,4701.7459,19465.86
2004,Paraguay,40675.0,21623.074,39730.0,21584.442,38.632,54.43,99.82,0.18,970.4436,-333.7277,56636.9443,34846.88
2004,Peru,128522.0,74798.618,128000.0,73981.596,817.022,58.44,98.91,1.09,10581.0125,-13217.6923,77951.3444,78707.18
2004,South America,1780369.6,901648.808,1746165.2,890058.714,11590.094,51.64,98.71,1.29,100711.8336,-608803.1421,2137755.0472,1134247.3
2004,Suriname,16382.0,15324.466,15600.0,15310.316,14.15,98.23,99.91,0.09,3234.8415,0.0,3174.1603,13992.8
2004,Uruguay,17622.0,1513.92,17502.0,744.88,769.04,8.65,49.2,50.8,89.0635,-10111.31,0.0,5676.44
2004,Venezuela,91205.0,48492.6,88205.0,47653.176,839.424,54.98,98.27,1.73,5846.1643,1479.3847,83992.9033,68607.32
2005,Argentina,278040.0,31796.0,273669.0,30664.5,1131.5,11.62,96.44,3.56,3426.1494,-35904.11,127768.6667,60645.71
2005,Bolivia,109858.0,54093.7,108330.0,54051.105,42.595,49.93,99.92,0.08,4164.674,-425.4211,57318.9267,73001.82
2005,Brazil,851577.0,531334.65,835814.0,525844.4,5490.25,63.57,98.97,1.03,54362.7426,-504292.9573,1605106.096,618564.67
2005,Chile,75609.6,16271.16,74353.2,13716.895,2554.265,21.88,84.3,15.7,2155.3127,-36480.1254,0.0,27342.87
2005,Colombia,114175.0,61771.645,110950.0,61498.145,273.5,55.68,99.56,0.44,6972.1656,-8922.7497,88702.3132,101719.94
2005,Ecuador,25637.0,13379.345,24836.0,13301.86,77.485,53.87,99.42,0.58,1478.5514,-594.4333,29052.2686,21469.73
2005,French Guiana,8353.0,8057.97,8274.0,8057.27,0.7,97.39,99.99,0.01,1714.3331,0.0,3349.6778,8175.8
2005,Guyana,21497.0,18542.015,19685.0,18542.015,0.0,94.19,100.0,0.0,5353.8214,0.0,4701.7459,19496.14
2005,Paraguay,40675.0,21280.93,39730.0,21240.27,40.66,53.56,99.81,0.19,955.0881,-333.7277,56636.9443,34624.45
2005,Peru,128522.0,74673.815,128000.0,73831.31,842.505,58.34,98.87,1.13,10563.3579,-13217.6923,77951.3444,78568.08
2005,South America,1780369.6,896399.745,1746165.2,884263.695,12136.05,51.34,98.65,1.35,100294.8468,-608803.1421,2137755.0472,1134258.38
2005,Suriname,16382.0,15320.365,15600.0,15306.215,14.15,98.21,99.91,0.09,3233.9758,0.0,3174.1603,14011.52
2005,Uruguay,17622.0,1550.15,17502.0,746.1,804.05,8.86,48.13,51.87,91.8212,-10111.31,0.0,6463.03
2005,Venezuela,91205.0,48328.0,88205.0,47463.61,864.39,54.79,98.21,1.79,5822.8537,1479.3847,83992.9033,69508.35
2006,Argentina,278040.0,31479.6,273669.0,30337.0,1142.6,11.5,96.37,3.63,3401.0954,-35904.11,127768.6667,59917.39
2006,Bolivia,109858.0,53892.162,108330.0,53848.06,44.102,49.75,99.92,0.08,4149.1576,-425.4211,57318.9267,72911.22
2006,Brazil,851577.0,527383.86,835814.0,521526.0,5857.86,63.1,98.89,1.11,54062.5208,-504292.9573,1605106.096,614982.93
2006,Chile,75609.6,16361.98,74353.2,13752.49,2609.49,22.01,84.05,15.95,2165.2618,-36480.1254,0.0,27365.47
2006,Colombia,114175.0,61578.874,110950.0,61283.814,295.06,55.5,99.52,0.48,6950.4075,-8922.7497,88702.3132,102036.48
2006,Ecuador,25637.0,13309.114,24836.0,13230.162,78.952,53.59,99.41,0.59,1470.7902,-594.4333,29052.2686,21316.21
2006,French Guiana,8353.0,8053.676,8274.0,8052.976,0.7,97.34,99.99,0.01,1713.4196,0.0,3349.6778,8177.74
2006,Guyana,21497.0,18537.574,19685.0,18537.574,0.0,94.17,100.0,0.0,5352.5391,0.0,4701.7459,19503.0
2006,Paraguay,40675.0,20938.786,39730.0,20896.098,42.688,52.7,99.8,0.2,939.7327,-333.7277,56636.9443,34363.22
2006,Peru,128522.0,74549.012,128000.0,73681.024,867.988,58.24,98.84,1.16,10545.7032,-13217.6923,77951.3444,78583.06
2006,South America,1780369.6,891150.682,1746165.2,878468.676,12682.006,51.03,98.58,1.42,99877.8599,-608803.1421,2137755.0472,1130199.46
2006,Suriname,16382.0,15316.264,15600.0,15302.114,14.15,98.18,99.91,0.09,3233.1102,0.0,3174.1603,14029.06
2006,Uruguay,17622.0,1586.38,17502.0,747.32,839.06,9.06,47.11,52.89,94.5788,-10111.31,0.0,6381.64
2006,Venezuela,91205.0,48163.4,88205.0,47274.044,889.356,54.6,98.15,1.85,5799.5431,1479.3847,83992.9033,69979.24
2007,Argentina,278040.0,31163.2,273669.0,30009.5,1153.7,11.39,96.3,3.7,3376.0414,-35904.11,127768.6667,58448.12
2007,Bolivia,109858.0,53690.624,108330.0,53645.015,45.609,49.56,99.92,0.08,4133.6411,-425.4211,57318.9267,72531.34
2007,Brazil,851577.0,523433.07,835814.0,517207.6,6225.47,62.63,98.81,1.19,53762.299,-504292.9573,1605106.096,612371.6
2007,Chile,75609.6,16452.8,74353.2,13788.085,2664.715,22.13,83.8,16.2,2175.2109,-36480.1254,0.0,27356.91
2007,Colombia,114175.0,61386.103,110950.0,61069.483,316.62,55.33,99.48,0.52,6928.6494,-8922.7497,88702.3132,102033.48
2007,Ecuador,25637.0,13238.883,24836.0,13158.464,80.419,53.31,99.39,0.61,1463.029,-594.4333,29052.2686,21299.39
2007,French Guiana,8354.0,8049.382,8275.0,8048.682,0.7,97.27,99.99,0.01,1712.506,0.0,3349.6778,8175.69
2007,Guyana,21497.0,18533.133,19685.0,18533.133,0.0,94.15,100.0,0.0,5351.2568,0.0,4701.7459,19502.91
2007,Paraguay,40675.0,20596.642,39730.0,20551.926,44.716,51.84,99.78,0.22,924.3773,-333.7277,56636.9443,34174.58
2007,Peru,128522.0,74424.209,128000.0,73530.738,893.471,58.14,98.8,1.2,10528.0486,-13217.6923,77951.3444,78656.79
2007,South America,1780370.6,885901.619,1746166.2,872673.657,13227.962,50.73,98.51,1.49,99460.873,-608803.1421,2137755.0472,1125326.71
2007,Suriname,16382.0,15312.163,15600.0,15298.013,14.15,98.15,99.91,0.09,3232.2445,0.0,3174.1603,14032.09
2007,Uruguay,17622.0,1622.61,17502.0,748.54,874.07,9.27,46.13,53.87,97.3364,-10111.31,0.0,6467.58
2007,Venezuela,91205.0,47998.8,88205.0,47084.478,914.322,54.42,98.1,1.9,5776.2325,1479.3847,83992.9033,69624.65
2008,Argentina,278040.0,30846.8,273669.0,29682.0,1164.8,11.27,96.22,3.78,3350.9874,-35904.11,127768.6667,55648.22
2008,Bolivia,109858.0,53489.086,108330.0,53441.97,47.116,49.38,99.91,0.09,4118.1247,-425.4211,57318.9267,72575.37
2008,Brazil,851577.0,519482.28,835814.0,512889.2,6593.08,62.15,98.73,1.27,53462.0773,-504292.9573,1605106.096,611840.41
2008,Chile,75609.6,16543.62,74353.2,13823.68,2719.94,22.25,83.56,16.44,2185.16,-36480.1254,0.0,27238.02
2008,Colombia,114175.0,61193.332,110950.0,60855.152,338.18,55.15,99.45,0.55,6906.8914,-8922.7497,88702.3132,101979.88
2008,Ecuador,25637.0,13168.652,24836.0,13086.766,81.886,53.02,99.38,0.62,1455.2677,-594.4333,29052.2686,21452.48
2008,French Guiana,8356.0,8045.088,8277.0,8044.388,0.7,97.2,99.99,0.01,1711.5925,0.0,3349.6778,8172.83
2008,Guyana,21497.0,18528.692,19685.0,18528.692,0.0,94.13,100.0,0.0,5349.9745,0.0,4701.7459,19500.35
2008,Paraguay,40675.0,20254.498,39730.0,20207.754,46.744,50.98,99.77,0.23,909.0219,-333.7277,56636.9443,33999.23
2008,Peru,128522.0,74299.406,128000.0,73380.452,918.954,58.05,98.76,1.24,10510.394,-13217.6923,77951.3444,78706.84
2008,South America,1780372.6,880652.556,1746168.2,866878.638,13773.918,50.43,98.44,1.56,99043.8861,-608803.1421,2137755.0472,1120911.97
2008,Suriname,16382.0,15308.062,15600.0,15293.912,14.15,98.13,99.91,0.09,3231.3788,0.0,3174.1603,14023.25
2008,Uruguay,17622.0,1658.84,17502.0,749.76,909.08,9.48,45.2,54.8,100.094,-10111.31,0.0,5827.73
2008,Venezuela,91205.0,47834.2,88205.0,46894.912,939.288,54.23,98.04,1.96,5752.9218,1479.3847,83992.9033,69315.14
2009,Argentina,278040.0,30530.4,273669.0,29354.5,1175.9,11.16,96.15,3.85,3325.9335,-35904.11,127768.6667,53845.92
2009,Bolivia,109858.0,53287.548,108330.0,53238.925,48.623,49.19,99.91,0.09,4102.6083,-425.4211,57318.9267,72970.19
2009,Brazil,851577.0,515531.49,835814.0,508570.8,6960.69,61.68,98.65,1.35,53161.8555,-504292.9573,1605106.096,619001.71
2009,Chile,75609.6,16634.44,74353.2,13859.275,2775.165,22.37,83.32,16.68,2195.1092,-36480.1254,0.0,27172.31
2009,Colombia,114175.0,61000.561,110950.0,60640.821,359.74,54.98,99.41,0.59,6885.1333,-8922.7497,88702.3132,101638.94
2009,Ecuador,25637.0,13098.421,24836.0,13015.068,83.353,52.74,99.36,0.64,1447.5065,-594.4333,29052.2686,21473.96
2009,French Guiana,8356.0,8040.794,8277.0,8040.094,0.7,97.15,99.99,0.01,1710.6789,0.0,3349.6778,8171.34
2009,Guyana,21497.0,18524.251,19685.0,18524.251,0.0,94.1,100.0,0.0,5348.6922,0.0,4701.7459,19478.84
2009,Paraguay,40675.0,19912.354,39730.0,19863.582,48.772,50.12,99.76,0.24,893.6664,-333.7277,56636.9443,34021.61
2009,Peru,128522.0,74174.603,128000.0,73230.166,944.437,57.95,98.73,1.27,10492.7393,-13217.6923,77951.3444,78898.13
2009,South America,1780372.6,875403.493,1746168.2,861083.619,14319.874,50.13,98.36,1.64,98626.8992,-608803.1421,2137755.0472,1125644.33
2009,Suriname,16382.0,15303.961,15600.0,15289.811,14.15,98.1,99.91,0.09,3230.5131,0.0,3174.1603,14000.2
2009,Uruguay,17622.0,1695.07,17502.0,750.98,944.09,9.69,44.3,55.7,102.8517,-10111.31,0.0,5280.73
2009,Venezuela,91205.0,47669.6,88205.0,46705.346,964.254,54.04,97.98,2.02,5729.6112,1479.3847,83992.9033,69052.32
2010,Argentina,278040.0,30214.0,273669.0,29027.0,1187.0,11.04,96.07,3.93,3300.8795,-35904.11,127768.6667,55834.94
2010,Bolivia,109858.0,53086.01,108330.0,53035.88,50.13,49.0,99.91,0.09,4087.0919,-425.4211,57318.9267,72469.98
2010,Brazil,851577.0,511580.7,835814.0,504252.4,7328.3,61.21,98.57,1.43,52861.6337,-504292.9573,1605106.096,616023.76
2010,Chile,75609.6,16725.26,74353.2,13894.87,2830.39,22.49,83.08,16.92,2205.0583,-36480.1254,0.0,27179.72
2010,Colombia,114175.0,60807.79,110950.0,60426.49,381.3,54.81,99.37,0.63,6863.3753,-8922.7497,88702.3132,101683.32
2010,Ecuador,25637.0,13028.19,24836.0,12943.37,84.82,52.46,99.35,0.65,1439.7453,-594.4333,29052.2686,21533.51
2010,French Guiana,8356.0,8036.5,8277.0,8035.8,0.7,97.09,99.99,0.01,1709.7654,0.0,3349.6778,8174.06
2010,Guyana,21497.0,18519.81,19685.0,18519.81,0.0,94.08,100.0,0.0,5347.4099,0.0,4701.7459,19482.11
2010,Paraguay,40675.2,19570.21,39730.0,19519.41,50.8,49.26,99.74,0.26,878.311,-333.7277,56636.9443,33713.17
2010,Peru,128522.0,74049.8,128000.0,73079.88,969.92,57.85,98.69,1.31,10475.0847,-13217.6923,77951.3444,79013.11
2010,South America,1780372.8,870154.43,1746168.2,855288.6,14865.83,49.83,98.29,1.71,98209.9123,-608803.1421,2137755.0472,1124202.19
2010,Suriname,16382.0,15299.86,15600.0,15285.71,14.15,98.08,99.91,0.09,3229.6474,0.0,3174.1603,13992.72
2010,Uruguay,17622.0,1731.3,17502.0,752.2,979.1,9.89,43.45,56.55,105.6093,-10111.31,0.0,5614.89
2010,Venezuela,91205.0,47505.0,88205.0,46515.78,989.22,53.86,97.92,2.08,5706.3006,1479.3847,83992.9033,68824.65
2011,Argentina,278040.0,29990.6,273669.0,28784.0,1206.6,10.96,95.98,4.02,3283.8055,-34737.0613,97341.75,57104.81
2011,Bolivia,109858.0,52874.252,108330.0,52822.758,51.494,48.81,99.9,0.1,4070.7887,-385.0527,60163.6302,72634.54
2011,Brazil,851577.0,510041.52,835814.0,502191.3,7850.22,61.02,98.46,1.54,52790.2662,-519221.8123,780902.6977,618208.57
2011,Chile,75609.6,16899.424,74353.2,14025.958,2873.466,22.73,83.0,17.0,2227.3514,-81741.4793,0.0,27227.72
2011,Colombia,114175.0,60673.164,110950.0,60283.324,389.84,54.69,99.36,0.64,6848.18,-3534.3359,59250.2035,102238.09
2011,Ecuador,25637.0,12986.388,24836.0,12893.154,93.234,52.29,99.28,0.72,1435.1257,-3409.3808,20347.6906,21546.04
2011,French Guiana,8356.0,8033.2,8277.0,8032.5,0.7,97.05,99.99,0.01,1709.0633,0.0,2574.275,8175.2
2011,Guyana,21497.0,18508.12,19685.0,18508.12,0.0,94.02,100.0,0.0,5344.0346,0.0,12376.3589,19502.14
2011,Paraguay,40675.2,19155.956,39730.0,19095.61,60.346,48.22,99.68,0.32,859.7193,-1570.8898,69740.528,33456.41
2011,Peru,128522.0,73878.746,128000.0,72891.376,987.37,57.72,98.66,1.34,10450.8874,-9051.0823,97774.5114,79074.93
2011,South America,1780372.8,867441.232,1746168.2,851854.238,15586.994,49.68,98.2,1.8,98031.5788,-658546.699,1312436.3857,1128815.95
2011,Suriname,16382.0,15290.222,15600.0,15276.072,14.15,98.01,99.91,0.09,3227.613,0.0,7459.7799,13984.31
2011,Uruguay,17622.0,1769.04,17502.0,771.56,997.48,10.11,43.61,56.39,107.5274,-7033.18,0.0,5182.2
2011,Venezuela,91205.0,47340.6,88205.0,46278.506,1062.094,53.67,97.76,2.24,5677.2163,2137.5754,104504.9606,69849.66
2012,Argentina,278040.0,29767.2,273669.0,28541.0,1226.2,10.88,95.88,4.12,3266.7315,-34737.0613,97341.75,57936.03
2012,Bolivia,109858.0,52662.494,108330.0,52609.636,52.858,48.61,99.9,0.1,4054.4854,-385.0527,60163.6302,73009.63
2012,Brazil,851577.0,508502.34,835814.0,500130.2,8372.14,60.84,98.35,1.65,52718.8987,-519221.8123,780902.6977,616678.54
2012,Chile,75609.6,17073.588,74353.2,14157.046,2916.542,22.96,82.92,17.08,2249.6445,-81741.4793,0.0,27253.87
2012,Colombia,114174.8,60538.538,110950.0,60140.158,398.38,54.56,99.34,0.66,6832.9848,-3534.3359,59250.2035,102018.99
2012,Ecuador,25637.0,12944.586,24836.0,12842.938,101.648,52.12,99.21,0.79,1430.5062,-3409.3808,20347.6906,21610.2
2012,French Guiana,8358.0,8029.9,8279.0,8029.2,0.7,96.99,99.99,0.01,1708.3612,0.0,2574.275,8172.84
2012,Guyana,21497.0,18496.43,19685.0,18496.43,0.0,93.96,100.0,0.0,5340.6592,0.0,12376.3589,19498.83
2012,Paraguay,40675.2,18741.702,39730.0,18671.81,69.892,47.17,99.63,0.37,841.1276,-1570.8898,69740.528,33680.18
2012,Peru,128522.0,73707.692,128000.0,72702.872,1004.82,57.58,98.64,1.36,10426.6901,-9051.0823,97774.5114,79212.37
2012,South America,1780374.6,864728.034,1746170.2,848419.876,16308.158,49.52,98.11,1.89,97853.2452,-658546.699,1312436.3857,1129317.46
2012,Suriname,16382.0,15280.584,15600.0,15266.434,14.15,97.95,99.91,0.09,3225.5785,0.0,7459.7799,13971.54
2012,Uruguay,17622.0,1806.78,17502.0,790.92,1015.86,10.32,43.78,56.22,109.4456,-7033.18,0.0,5445.62
2012,Venezuela,91205.0,47176.2,88205.0,46041.232,1134.968,53.48,97.59,2.41,5648.1319,2137.5754,104504.9606,70218.7
2013,Argentina,278040.0,29543.8,273669.0,28298.0,1245.8,10.8,95.78,4.22,3249.6575,-34737.0613,97341.75,58223.35
2013,Bolivia,109858.0,52450.736,108330.0,52396.514,54.222,48.42,99.9,0.1,4038.1822,-385.0527,60163.6302,73122.32
2013,Brazil,851577.0,506963.16,835814.0,498069.1,8894.06,60.66,98.25,1.75,52647.5312,-519221.8123,780902.6977,616697.95
2013,Chile,75609.6,17247.752,74353.2,14288.134,2959.618,23.2,82.84,17.16,2271.9377,-81741.4793,0.0,27378.9
2013,Colombia,114174.9,60403.912,110950.0,59996.992,406.92,54.44,99.33,0.67,6817.7895,-3534.3359,59250.2035,101641.95
2013,Ecuador,25637.0,12902.784,24836.0,12792.722,110.062,51.95,99.15,0.85,1425.8867,-3409.3808,20347.6906,21598.26
2013,French Guiana,8358.0,8026.6,8279.0,8025.9,0.7,96.95,99.99,0.01,1707.6591,0.0,2574.275,8174.45
2013,Guyana,21497.0,18484.74,19685.0,18484.74,0.0,93.9,100.0,0.0,5337.2838,0.0,12376.3589,19485.76
2013,Paraguay,40675.2,18327.448,39730.0,18248.01,79.438,46.13,99.57,0.43,822.5359,-1570.8898,69740.528,33540.82
2013,Peru,128522.0,73536.638,128000.0,72514.368,1022.27,57.45,98.61,1.39,10402.4928,-9051.0823,97774.5114,79289.12
2013,South America,1780374.7,862014.836,1746170.2,844985.514,17029.322,49.37,98.02,1.98,97674.9117,-658546.699,1312436.3857,1129365.19
2013,Suriname,16382.0,15270.946,15600.0,15256.796,14.15,97.89,99.91,0.09,3223.544,0.0,7459.7799,13972.45
2013,Uruguay,17622.0,1844.52,17502.0,810.28,1034.24,10.54,43.93,56.07,111.3637,-7033.18,0.0,5773.44
2013,Venezuela,91205.0,47011.8,88205.0,45803.958,1207.842,53.3,97.43,2.57,5619.0476,2137.5754,104504.9606,69878.82
2014,Argentina,278040.0,29320.4,273669.0,28055.0,1265.4,10.71,95.68,4.32,3232.5835,-34737.0613,97341.75,60282.31
2014,Bolivia,109858.0,52238.978,108330.0,52183.392,55.586,48.22,99.89,0.11,4021.8789,-385.0527,60163.6302,72913.89
2014,Brazil,851577.0,505423.98,835814.0,496008.0,9415.98,60.47,98.14,1.86,52576.1637,-519221.8123,780902.6977,616032.71
2014,Chile,75609.6,17421.916,74353.2,14419.222,3002.694,23.43,82.76,17.24,2294.2308,-81741.4793,0.0,27386.54
2014,Colombia,114174.9,60269.286,110950.0,59853.826,415.46,54.32,99.31,0.69,6802.5943,-3534.3359,59250.2035,101186.75
2014,Ecuador,25637.0,12860.982,24836.0,12742.506,118.476,51.78,99.08,0.92,1421.2671,-3409.3808,20347.6906,21459.73
2014,French Guiana,8358.0,8023.3,8279.0,8022.6,0.7,96.91,99.99,0.01,1706.9571,0.0,2574.275,8171.25
2014,Guyana,21497.0,18473.05,19685.0,18473.05,0.0,93.84,100.0,0.0,5333.9085,0.0,12376.3589,19450.38
2014,Paraguay,40675.2,17913.194,39730.0,17824.21,88.984,45.09,99.5,0.5,803.9441,-1570.8898,69740.528,33738.74
2014,Peru,128522.0,73365.584,128000.0,72325.864,1039.72,57.32,98.58,1.42,10378.2955,-9051.0823,97774.5114,79027.64
2014,South America,1780374.7,859301.638,1746170.2,841551.152,17750.486,49.21,97.93,2.07,97496.5781,-658546.699,1312436.3857,1129838.26
2014,Suriname,16382.0,15261.308,15600.0,15247.158,14.15,97.83,99.91,0.09,3221.5095,0.0,7459.7799,13958.97
2014,Uruguay,17622.0,1882.26,17502.0,829.64,1052.62,10.75,44.08,55.92,113.2819,-7033.18,0.0,6639.66
2014,Venezuela,91205.0,46847.4,88205.0,45566.684,1280.716,53.11,97.27,2.73,5589.9633,2137.5754,104504.9606,69015.21
2015,Argentina,278040.0,29097.0,273669.0,27812.0,1285.0,10.63,95.58,4.42,3215.5095,-34737.0613,97341.75,59435.88
2015,Bolivia,109858.0,52027.22,108330.0,51970.27,56.95,48.03,99.89,0.11,4005.5757,-385.0527,60163.6302,72816.41
2015,Brazil,851577.0,503884.8,835814.0,493946.9,9937.9,60.29,98.03,1.97,52504.7962,-519221.8123,780902.6977,611868.31
2015,Chile,75609.6,17596.08,74353.2,14550.31,3045.77,23.67,82.69,17.31,2316.5239,-81741.4793,0.0,26883.1
2015,Colombia,114174.9,60134.66,110950.0,59710.66,424.0,54.2,99.29,0.71,6787.3991,-3534.3359,59250.2035,100708.98
2015,Ecuador,25637.0,12819.18,24836.0,12692.29,126.89,51.62,99.01,0.99,1416.6476,-3409.3808,20347.6906,21406.09
2015,French Guiana,8360.0,8020.0,8281.0,8019.3,0.7,96.85,99.99,0.01,1706.255,0.0,2574.275,8167.64
2015,Guyana,21497.0,18461.36,19685.0,18461.36,0.0,93.78,100.0,0.0,5330.5331,0.0,12376.3589,19407.17
2015,Paraguay,40675.2,17498.94,39730.0,17400.41,98.53,44.04,99.44,0.56,785.3524,-1570.8898,69740.528,33833.86
2015,Peru,128522.0,73194.53,128000.0,72137.36,1057.17,57.18,98.56,1.44,10354.0982,-9051.0823,97774.5114,79061.82
2015,South America,1780376.7,856588.44,1746172.2,838116.79,18471.65,49.06,97.84,2.16,97318.2446,-658546.699,1312436.3857,1122139.24
2015,Suriname,16382.0,15251.67,15600.0,15237.52,14.15,97.77,99.91,0.09,3219.475,0.0,7459.7799,13950.04
2015,Uruguay,17622.0,1920.0,17502.0,849.0,1071.0,10.97,44.22,55.78,115.2,-7033.18,0.0,5818.21
2015,Venezuela,91205.0,46683.0,88205.0,45329.41,1353.59,52.93,97.1,2.9,5560.879,2137.5754,104504.9606,68230.67
2016,Argentina,278040.0,29010.0,273669.0,27695.0,1315.0,10.6,95.47,4.53,3209.6664,-27952.2907,54702.45,59584.08
2016,Bolivia,109858.0,51750.68,108330.0,51690.44,60.24,47.77,99.88,0.12,3984.2849,-318.9952,67700.9512,72264.58
2016,Brazil,851577.0,502082.1,835814.0,492059.0,10023.1,60.07,98.0,2.0,52367.163,-269412.8448,653402.772,601307.52
2016,Chile,75670.0,17719.01,74353.2,14662.93,3056.08,23.83,82.75,17.25,2333.4164,-58269.1025,0.0,27285.79
2016,Colombia,114174.9,59959.49,110950.0,59532.09,427.4,54.04,99.29,0.71,6767.6276,-281.4225,82452.6637,100232.29
2016,Ecuador,25637.0,12754.91,24836.0,12631.19,123.72,51.36,99.03,0.97,1409.5451,0.0,26042.4182,21534.61
2016,French Guiana,8360.0,8016.57,8281.0,8015.87,0.7,96.81,99.99,0.01,1705.5253,-15.6017,2691.2875,8164.31
2016,Guyana,21497.0,18452.16,19685.0,18452.16,0.0,93.74,100.0,0.0,5327.8767,0.0,9744.3975,19399.41
2016,Paraguay,40675.2,17333.13,39730.0,17223.17,109.96,43.63,99.37,0.63,777.9109,-1880.2626,47847.7947,33587.04
2016,Peru,128522.0,73010.28,128000.0,71945.89,1064.39,57.04,98.54,1.46,10328.0342,-3246.9785,92892.6325,78923.52
2016,South America,1780437.1,853818.91,1746172.2,835171.66,18647.25,48.9,97.82,2.18,97088.7173,-362324.9293,1085941.5365,1110437.77
2016,Suriname,16382.0,15240.32,15600.0,15226.17,14.15,97.69,99.91,0.09,3217.0791,0.0,8572.7871,13948.58
2016,Uruguay,17622.0,1947.0,17502.0,849.0,1098.0,11.12,43.61,56.39,116.82,-1905.2,0.0,6105.34
2016,Venezuela,91205.0,46543.26,88205.0,45188.75,1354.51,52.77,97.09,2.91,5543.7677,957.7691,39891.3821,67616.99
2017,Argentina,278040.0,28899.0,273669.0,27555.0,1344.0,10.56,95.35,4.65,3201.7202,-27952.2907,54702.45,61389.15
2017,Bolivia,109858.0,51492.22,108330.0,51429.65,62.57,47.53,99.88,0.12,3964.386,-318.9952,67700.9512,72221.17
2017,Brazil,851577.0,500091.6,835814.0,490251.9,9839.7,59.83,98.03,1.97,52209.563,-269412.8448,653402.772,596253.93
2017,Chile,75670.0,17841.94,74353.2,14753.7,3088.24,24.0,82.69,17.31,2348.8914,-58269.1025,0.0,27358.53
2017,Colombia,114174.9,59739.77,110950.0,59312.37,427.4,53.84,99.28,0.72,6742.8278,-281.4225,82452.6637,100307.72
2017,Ecuador,25637.0,12690.64,24836.0,12570.09,120.54,51.1,99.05,0.95,1402.4426,0.0,26042.4182,21593.41
2017,French Guiana,8360.0,8013.14,8281.0,8012.44,0.7,96.77,99.99,0.01,1704.7955,-15.6017,2691.2875,8167.44
2017,Guyana,21497.0,18442.95,19685.0,18442.95,0.0,93.69,100.0,0.0,5325.2174,0.0,9744.3975,19415.11
2017,Paraguay,40675.2,16940.27,39730.0,16818.89,121.38,42.64,99.28,0.72,760.2793,-1880.2626,47847.7947,33483.97
2017,Peru,128522.0,72834.78,128000.0,71765.01,1069.77,56.9,98.53,1.47,10303.208,-3246.9785,92892.6325,79005.71
2017,South America,1780437.1,850615.51,1746172.2,832052.62,18562.88,48.71,97.82,2.18,96826.5458,-362324.9293,1085941.5365,1108487.42
2017,Suriname,16382.0,15233.02,15600.0,15218.87,14.15,97.65,99.91,0.09,3215.5382,0.0,8572.7871,13952.99
2017,Uruguay,17622.0,1968.0,17502.0,849.0,1119.0,11.24,43.14,56.86,118.08,-1905.2,0.0,6629.67
2017,Venezuela,91205.0,46428.18,88205.0,45072.75,1355.43,52.64,97.08,2.92,5529.5962,957.7691,39891.3821,68253.1
2018,Argentina,278040.0,28791.0,273669.0,27416.0,1375.0,10.52,95.22,4.78,3194.3614,-27952.2907,54702.45,61356.92
2018,Bolivia,109858.0,51253.24,108330.0,51190.64,62.6,47.31,99.88,0.12,3945.9869,-318.9952,67700.9512,71671.49
2018,Brazil,851577.0,499051.4,835814.0,488548.1,10503.3,59.71,97.9,2.1,52150.8713,-269412.8448,653402.772,593812.13
2018,Chile,75670.0,17964.87,74353.2,14844.48,3120.39,24.16,82.63,17.37,2364.7158,-58269.1025,0.0,27513.42
2018,Colombia,114175.0,59540.48,110950.0,59113.08,427.4,53.66,99.28,0.72,6720.334,-281.4225,82452.6637,100069.79
2018,Ecuador,25637.0,12626.37,24836.0,12509.01,117.36,50.84,99.07,0.93,1395.3401,0.0,26042.4182,21584.44
2018,French Guiana,8360.0,8009.71,8281.0,8008.91,0.8,96.72,99.99,0.01,1704.0658,-15.6017,2691.2875,8165.71
2018,Guyana,21497.0,18433.75,19685.0,18433.75,0.0,93.64,100.0,0.0,5322.561,0.0,9744.3975,19406.92
2018,Paraguay,40675.2,16660.93,39730.0,16528.12,132.81,41.94,99.2,0.8,747.7425,-1880.2626,47847.7947,33177.01
2018,Peru,128522.0,72676.04,128000.0,71600.04,1076.0,56.78,98.52,1.48,10280.7526,-3246.9785,92892.6325,78985.62
2018,South America,1780437.2,848555.33,1746172.2,829229.19,19326.14,48.6,97.72,2.28,96675.4009,-362324.9293,1085941.5365,1105002.47
2018,Suriname,16382.0,15220.78,15600.0,15206.63,14.15,97.57,99.91,0.09,3212.9545,0.0,8572.7871,13960.73
2018,Uruguay,17622.0,1989.0,17502.0,849.0,1140.0,11.36,42.68,57.32,117.351,-1905.2,0.0,6983.97
2018,Venezuela,91205.0,46337.76,88205.0,44981.43,1356.33,52.53,97.07,2.93,5518.3638,957.7691,39891.3821,67846.26
2019,Argentina,278040.0,28681.0,273669.0,27276.0,1405.0,10.48,95.1,4.9,3186.7459,-27952.2907,54702.45,61656.88
2019,Bolivia,109858.0,51033.76,108330.0,50971.16,62.6,47.11,99.88,0.12,3929.0892,-318.9952,67700.9512,71250.4
2019,Brazil,851577.0,497798.5,835814.0,486935.0,10863.5,59.56,97.82,2.18,52059.7671,-269412.8448,653402.772,595226.86
2019,Chile,75670.0,18087.8,74353.2,14935.25,3152.55,24.33,82.57,17.43,2380.1736,-58269.1025,0.0,27418.94
2019,Colombia,114175.0,59341.2,110950.0,58913.8,427.4,53.48,99.28,0.72,6697.8412,-281.4225,82452.6637,100109.96
2019,Ecuador,25637.0,12562.1,24836.0,12447.91,114.19,50.58,99.09,0.91,1388.2377,0.0,26042.4182,21615.84
2019,French Guiana,8360.0,8006.28,8281.0,8005.48,0.8,96.68,99.99,0.01,1703.3361,-15.6017,2691.2875,8165.39
2019,Guyana,21497.0,18424.54,19685.0,18424.54,0.0,93.6,100.0,0.0,5319.9017,0.0,9744.3975,19402.01
2019,Paraguay,40675.2,16381.6,39730.0,16237.37,144.23,41.23,99.12,0.88,735.2062,-1880.2626,47847.7947,33414.73
2019,Peru,128522.0,72503.2,128000.0,71420.97,1082.23,56.64,98.51,1.49,10256.3027,-3246.9785,92892.6325,79064.88
2019,South America,1780437.2,846310.51,1746172.2,826525.62,19784.89,48.47,97.66,2.34,96495.6297,-362324.9293,1085941.5365,1106183.69
2019,Suriname,16382.0,15208.53,15600.0,15194.38,14.15,97.49,99.91,0.09,3210.3686,0.0,8572.7871,13961.67
2019,Uruguay,17622.0,2010.0,17502.0,849.0,1161.0,11.48,42.24,57.76,118.59,-1905.2,0.0,6975.33
2019,Venezuela,91205.0,46272.0,88205.0,44914.76,1357.24,52.46,97.07,2.93,5510.0698,957.7691,39891.3821,67455.44
2020,Argentina,278040.0,28573.0,273669.0,27137.0,1436.0,10.44,94.97,5.03,3179.032,-27952.2907,54702.45,60587.02
2020,Bolivia,109858.0,50833.76,108330.0,50771.16,62.6,46.92,99.88,0.12,3913.6912,-318.9952,67700.9512,71132.67
2020,Brazil,851577.0,496619.6,835814.0,485396.0,11223.6,59.42,97.74,2.26,51981.1735,-269412.8448,653402.772,599503.45
2020,Chile,75670.0,18210.7,74353.2,15026.0,3184.7,24.49,82.51,17.49,2395.9818,-58269.1025,0.0,27178.14
2020,Colombia,114061.905,59141.91,110950.0,58714.51,427.4,53.31,99.28,0.72,6675.3474,-281.4225,82452.6637,99980.26
2020,Ecuador,25637.0,12497.83,24836.0,12386.82,111.01,50.32,99.11,0.89,1381.1352,0.0,26042.4182,21471.43
2020,French Guiana,8360.0,8002.85,8281.0,8002.05,0.8,96.64,99.99,0.01,1702.6063,-15.6017,2691.2875,8166.99
2020,Guyana,21497.0,18415.34,19685.0,18415.34,0.0,93.55,100.0,0.0,5317.2453,0.0,9744.3975,19398.51
2020,Paraguay,40675.2,16102.26,39730.0,15946.6,155.66,40.53,99.03,0.97,722.6694,-1880.2626,47847.7947,33019.4
2020,Peru,128522.0,72330.37,128000.0,71241.9,1088.47,56.51,98.5,1.5,10231.8541,-3246.9785,92892.6325,78976.98
2020,South America,1780324.105,844185.81,1746172.2,823941.27,20244.54,48.34,97.6,2.4,96331.4947,-362324.9293,1085941.5365,1106844.6
2020,Suriname,16382.0,15196.29,15600.0,15182.14,14.15,97.41,99.91,0.09,3207.7849,0.0,8572.7871,13962.01
2020,Uruguay,17622.0,2031.0,17502.0,849.0,1182.0,11.6,41.8,58.2,117.798,-1905.2,0.0,6217.04
2020,Venezuela,91205.0,46230.9,88205.0,44872.75,1358.15,52.41,97.06,2.94,5505.1756,957.7691,39891.3821,66789.49
2021,Argentina,278040.0,28463.6667,273669.0,26997.3333,1466.3333,10.4,94.85,5.15,3171.3836,-27952.2907,54702.45,59928.06
2021,Bolivia,109858.0,50620.7733,108330.0,50558.1733,62.6,46.73,99.88,0.12,3897.2933,-318.9952,67700.9512,70932.23
2021,Brazil,851577.0,495391.3667,835814.0,483807.6,11583.7667,59.27,97.66,2.34,51894.2395,-269412.8448,653402.772,595075.56
2021,Chile,75670.0,18333.62,74353.2,15116.7633,3216.8567,24.66,82.45,17.55,2411.5564,-58269.1025,0.0,27522.87
2021,Colombia,114061.905,58942.6267,110950.0,58515.2267,427.4,53.13,99.27,0.73,6652.8543,-281.4225,82452.6637,100169.67
2021,Ecuador,25637.0,12433.56,24836.0,12325.7233,107.8367,50.06,99.13,0.87,1374.0327,0.0,26042.4182,21276.67
2021,French Guiana,8360.0,7999.42,8281.0,7998.62,0.8,96.6,99.99,0.01,1701.8766,-15.6017,2691.2875,8168.37
2021,Guyana,21497.0,18406.1333,19685.0,18406.1333,0.0,93.5,100.0,0.0,5314.5869,0.0,9744.3975,19416.22
2021,Paraguay,40675.2,15822.9267,39730.0,15655.8433,167.0833,39.83,98.94,1.06,710.1329,-1880.2626,47847.7947,32219.24
2021,Peru,128522.0,72157.5333,128000.0,71062.83,1094.7033,56.37,98.48,1.52,10207.4047,-3246.9785,92892.6325,78981.79
2021,South America,1780324.105,841981.03,1746172.2,821277.44,20703.59,48.22,97.54,2.46,96156.9355,-362324.9293,1085941.5365,1102528.64
2021,Suriname,16382.0,15184.0433,15600.0,15169.8933,14.15,97.33,99.91,0.09,3205.1997,0.0,8572.7871,13969.76
2021,Uruguay,17622.0,2052.0,17502.0,849.0,1203.0,11.72,41.37,58.63,118.36,-1905.2,0.0,6536.5
2021,Venezuela,91205.0,46173.36,88205.0,44814.3,1359.06,52.35,97.06,2.94,5498.0148,957.7691,39891.3821,67867.14
